Group,Subject,EEG Band,Lemon Power,Rose Power,Difference (Rose - Lemon)
Normal,1,Delta (1–4 Hz),32396.194553656565,92023.32620973841,59627.13165608185
Normal,1,Theta (4–8 Hz),14739.847466581801,10774.271191600244,-3965.5762749815567
Normal,1,Alpha (8–13 Hz),4677.665729476338,1960.0247152412269,-2717.6410142351115
Normal,1,Beta (13–30 Hz),1757.7496134429307,268.7066740024302,-1489.0429394405005
Normal,1,Gamma (30–40 Hz),365.32007190828307,6.063749764022207,-359.2563221442609
Normal,2,Delta (1–4 Hz),1066.5376684308621,51.15912328180363,-1015.3785451490585
Normal,2,Theta (4–8 Hz),120.83826504950162,16.62990080797965,-104.20836424152196
Normal,2,Alpha (8–13 Hz),11.238172587173361,7.760005363075029,-3.478167224098332
Normal,2,Beta (13–30 Hz),3.3888045976771735,2.963236444255588,-0.4255681534215854
Normal,2,Gamma (30–40 Hz),0.8668347107950887,0.8785600874744989,0.011725376679410204
Normal,3,Delta (1–4 Hz),2097270.5475077634,224707.0735922881,-1872563.4739154752
Normal,3,Theta (4–8 Hz),100513.26076713768,7062.185685677017,-93451.07508146066
Normal,3,Alpha (8–13 Hz),14767.517097225751,928.5472234329476,-13838.969873792803
Normal,3,Beta (13–30 Hz),1393.7653871859688,68.88539915493672,-1324.879988031032
Normal,3,Gamma (30–40 Hz),306.8632971955502,4.287215004601592,-302.5760821909486
Normal,4,Delta (1–4 Hz),3018.9398710333016,2977.4361061616682,-41.50376487163339
Normal,4,Theta (4–8 Hz),1385.4770478582834,1419.7250137657347,34.24796590745132
Normal,4,Alpha (8–13 Hz),1162.9620392509876,1268.5140606768805,105.55202142589292
Normal,4,Beta (13–30 Hz),735.3715211834598,590.3990760898728,-144.972445093587
Normal,4,Gamma (30–40 Hz),365.4270632155852,249.61306419660738,-115.8139990189778
Normal,5,Delta (1–4 Hz),3480.072083975145,792.5905977684786,-2687.481486206666
Normal,5,Theta (4–8 Hz),740.551383153197,349.0107270778719,-391.5406560753251
Normal,5,Alpha (8–13 Hz),268.65708463816384,180.6442224434965,-88.01286219466735
Normal,5,Beta (13–30 Hz),125.30541949635828,131.15924380992237,5.85382431356409
Normal,5,Gamma (30–40 Hz),42.04260086608869,48.702507106235075,6.659906240146384
Normal,6,Delta (1–4 Hz),57167.2164457154,75741.54888250158,18574.33243678618
Normal,6,Theta (4–8 Hz),4312.240306857165,3652.022512749344,-660.2177941078207
Normal,6,Alpha (8–13 Hz),346.82998319436797,188.37354039060563,-158.45644280376234
Normal,6,Beta (13–30 Hz),24.819806030585053,14.38805746482478,-10.431748565760273
Normal,6,Gamma (30–40 Hz),0.791445859508497,0.40007808899762753,-0.39136777051086946
Normal,7,Delta (1–4 Hz),383817.69847071555,174584.36533667136,-209233.3331340442
Normal,7,Theta (4–8 Hz),13314.242197246675,15657.419604129998,2343.177406883324
Normal,7,Alpha (8–13 Hz),776.759979497414,1152.4595207438638,375.6995412464498
Normal,7,Beta (13–30 Hz),47.2443380536897,79.66465421654325,32.42031616285355
Normal,7,Gamma (30–40 Hz),3.828778835398647,9.076090854913208,5.247312019514561
Normal,8,Delta (1–4 Hz),11.663664765460767,15.405077073967824,3.7414123085070567
Normal,8,Theta (4–8 Hz),1.0371476246333518,0.9132012234494651,-0.12394640118388667
Normal,8,Alpha (8–13 Hz),0.09193372763821497,0.08283744202051382,-0.00909628561770115
Normal,8,Beta (13–30 Hz),0.02955716329016463,0.03093009121918047,0.0013729279290158394
Normal,8,Gamma (30–40 Hz),0.008123923750584289,0.008265724013047789,0.0001418002624634998
Normal,9,Delta (1–4 Hz),30941.040463331272,2192880.7246455867,2161939.6841822555
Normal,9,Theta (4–8 Hz),2958.6794997908496,20528.718326479615,17570.038826688764
Normal,9,Alpha (8–13 Hz),338.96276549764923,1684.239948695472,1345.277183197823
Normal,9,Beta (13–30 Hz),35.6852492081169,81.35377282803522,45.66852361991832
Normal,9,Gamma (30–40 Hz),1.0799724024381552,7.941125341912088,6.861152939473933
Normal,10,Delta (1–4 Hz),1693027.7289973993,243783.43424354188,-1449244.2947538574
Normal,10,Theta (4–8 Hz),672196.5097318725,13970.571843686044,-658225.9378881864
Normal,10,Alpha (8–13 Hz),432865.48777022836,16104.31833084977,-416761.1694393786
Normal,10,Beta (13–30 Hz),40097.00397207389,3119.7905943665514,-36977.21337770734
Normal,10,Gamma (30–40 Hz),1058.8482203636784,80.53494082319516,-978.3132795404832
Normal,11,Delta (1–4 Hz),94818.62471330131,131376.12127694857,36557.49656364726
Normal,11,Theta (4–8 Hz),2297.544891309608,9793.810935836946,7496.266044527338
Normal,11,Alpha (8–13 Hz),314.0108708555709,1162.81763980181,848.8067689462391
Normal,11,Beta (13–30 Hz),20.91706771178332,230.29902582031272,209.3819581085294
Normal,11,Gamma (30–40 Hz),2.8618346978947056,26.52203872413946,23.660204026244756
Normal,12,Delta (1–4 Hz),302531.423717557,118606.24569936382,-183925.17801819317
Normal,12,Theta (4–8 Hz),21339.458388464613,23434.074761776024,2094.6163733114117
Normal,12,Alpha (8–13 Hz),3149.985287449638,2032.6983885576956,-1117.2868988919422
Normal,12,Beta (13–30 Hz),221.2007539875798,285.3998423089406,64.19908832136082
Normal,12,Gamma (30–40 Hz),9.842471829944602,11.433130676460218,1.5906588465156162
Normal,13,Delta (1–4 Hz),107504.78140533372,192774.87100061073,85270.08959527701
Normal,13,Theta (4–8 Hz),4921.629721958586,6572.068613193079,1650.438891234493
Normal,13,Alpha (8–13 Hz),472.6727015958896,908.0705266611864,435.3978250652968
Normal,13,Beta (13–30 Hz),35.57715306491628,119.35669377669379,83.77954071177751
Normal,13,Gamma (30–40 Hz),2.7070870924743686,8.164422891766014,5.457335799291645
Normal,14,Delta (1–4 Hz),0.11562391370534897,0.11129053682088852,-0.004333376884460449
Normal,14,Theta (4–8 Hz),0.0828329548239708,0.08507006615400314,0.0022371113300323486
Normal,14,Alpha (8–13 Hz),0.05690918117761612,0.0620989128947258,0.00518973171710968
Normal,14,Beta (13–30 Hz),0.05673724785447121,0.05694950371980667,0.00021225586533546448
Normal,14,Gamma (30–40 Hz),0.05006325617432594,0.046773459762334824,-0.0032897964119911194
Normal,15,Delta (1–4 Hz),0.05620848014950752,0.05086882412433624,-0.00533965602517128
Normal,15,Theta (4–8 Hz),0.018401922658085823,0.018979210406541824,0.0005772877484560013
Normal,15,Alpha (8–13 Hz),0.019518552348017693,0.02043733187019825,0.0009187795221805573
Normal,15,Beta (13–30 Hz),0.01801418326795101,0.017398951575160027,-0.0006152316927909851
Normal,15,Gamma (30–40 Hz),0.010241571813821793,0.010746356099843979,0.0005047842860221863
MCI,1,Delta (1–4 Hz),7.3335418701171875,5.959586143493652,-1.3739557266235352
MCI,1,Theta (4–8 Hz),5.712131023406982,4.603657245635986,-1.108473777770996
MCI,1,Alpha (8–13 Hz),1.0545512437820435,0.9001417756080627,-0.1544094681739807
MCI,1,Beta (13–30 Hz),0.2869991958141327,0.2733289301395416,-0.013670265674591064
MCI,1,Gamma (30–40 Hz),0.11815833300352097,0.12783116102218628,0.009672828018665314
MCI,2,Delta (1–4 Hz),4.84555721282959,7.513317108154297,2.667759895324707
MCI,2,Theta (4–8 Hz),2.5893187522888184,2.856478214263916,0.26715946197509766
MCI,2,Alpha (8–13 Hz),2.1719069480895996,1.9748561382293701,-0.1970508098602295
MCI,2,Beta (13–30 Hz),1.0920445919036865,1.1042938232421875,0.012249231338500977
MCI,2,Gamma (30–40 Hz),0.5581560730934143,0.5662398338317871,0.008083760738372803
MCI,3,Delta (1–4 Hz),5.730777740478516,8.89691162109375,3.1661338806152344
MCI,3,Theta (4–8 Hz),2.8459551334381104,2.7460579872131348,-0.09989714622497559
MCI,3,Alpha (8–13 Hz),2.153364896774292,2.46799373626709,0.31462883949279785
MCI,3,Beta (13–30 Hz),0.8073984980583191,0.9955373406410217,0.18813884258270264
MCI,3,Gamma (30–40 Hz),0.5746011137962341,0.7428960204124451,0.16829490661621094
MCI,4,Delta (1–4 Hz),2.740571975708008,2.417651414871216,-0.322920560836792
MCI,4,Theta (4–8 Hz),2.7780349254608154,2.7569379806518555,-0.02109694480895996
MCI,4,Alpha (8–13 Hz),0.9279854893684387,1.0404101610183716,0.11242467164993286
MCI,4,Beta (13–30 Hz),0.3686350882053375,0.43250903487205505,0.06387394666671753
MCI,4,Gamma (30–40 Hz),0.07394562661647797,0.0657014325261116,-0.008244194090366364
MCI,5,Delta (1–4 Hz),3.0733351707458496,2.79491925239563,-0.2784159183502197
MCI,5,Theta (4–8 Hz),1.801825761795044,1.6267277002334595,-0.17509806156158447
MCI,5,Alpha (8–13 Hz),1.1547632217407227,1.0729122161865234,-0.08185100555419922
MCI,5,Beta (13–30 Hz),1.0128347873687744,0.9470683336257935,-0.06576645374298096
MCI,5,Gamma (30–40 Hz),0.25601717829704285,0.25232160091400146,-0.003695577383041382
MCI,6,Delta (1–4 Hz),12.13644790649414,5.098617076873779,-7.037830829620361
MCI,6,Theta (4–8 Hz),5.248308181762695,4.3700971603393555,-0.8782110214233398
MCI,6,Alpha (8–13 Hz),3.762810707092285,3.2505457401275635,-0.5122649669647217
MCI,6,Beta (13–30 Hz),1.9330015182495117,1.7111475467681885,-0.22185397148132324
MCI,6,Gamma (30–40 Hz),0.17719043791294098,0.15442946553230286,-0.022760972380638123
MCI,7,Delta (1–4 Hz),4.730879783630371,4.645209789276123,-0.08566999435424805
MCI,7,Theta (4–8 Hz),1.9685090780258179,1.953721046447754,-0.014788031578063965
MCI,7,Alpha (8–13 Hz),2.313101291656494,2.223134756088257,-0.0899665355682373
MCI,7,Beta (13–30 Hz),2.8454270362854004,2.988804817199707,0.14337778091430664
MCI,7,Gamma (30–40 Hz),0.3265025019645691,0.3663296103477478,0.03982710838317871
AD,1,Delta (1–4 Hz),19517.489141633614,75140.00005176237,55622.51091012875
AD,1,Theta (4–8 Hz),1263.4354252567791,4040.769814139329,2777.33438888255
AD,1,Alpha (8–13 Hz),327.5438070647072,589.5221523819586,261.97834531725135
AD,1,Beta (13–30 Hz),35.214068348669436,60.62699832789568,25.41292997922624
AD,1,Gamma (30–40 Hz),5.210167686766701,6.1058876831880955,0.8957199964213949
AD,2,Delta (1–4 Hz),3068470.284723184,869057.9116693271,-2199412.373053857
AD,2,Theta (4–8 Hz),303940.00763560354,10045.737712139067,-293894.26992346445
AD,2,Alpha (8–13 Hz),62097.685465337825,1498.0649041465622,-60599.62056119126
AD,2,Beta (13–30 Hz),6411.660587792481,287.5846302313975,-6124.075957561084
AD,2,Gamma (30–40 Hz),248.00143519519716,30.075639250907148,-217.92579594429
AD,3,Delta (1–4 Hz),94268.99900927741,68503.80437305415,-25765.194636223256
AD,3,Theta (4–8 Hz),10370.635215505496,5588.926854521838,-4781.708360983657
AD,3,Alpha (8–13 Hz),2381.678685001404,400.56553322663524,-1981.113151774769
AD,3,Beta (13–30 Hz),255.5473390871617,30.06858073162181,-225.4787583555399
AD,3,Gamma (30–40 Hz),8.93474581421995,1.717235125320197,-7.217510688899752
AD,4,Delta (1–4 Hz),3566977.9870047555,1363505.489231576,-2203472.49777318
AD,4,Theta (4–8 Hz),388296.6897109012,88078.78994163021,-300217.89976927097
AD,4,Alpha (8–13 Hz),119018.3583685901,8476.720077220778,-110541.63829136932
AD,4,Beta (13–30 Hz),14295.534341902387,633.6123246730117,-13661.922017229375
AD,4,Gamma (30–40 Hz),1086.257760629009,34.94748895001059,-1051.3102716789983
AD,5,Delta (1–4 Hz),33029.40369403665,82738.77127932367,49709.36758528702
AD,5,Theta (4–8 Hz),1318.455380907282,4752.305287645785,3433.849906738503
AD,5,Alpha (8–13 Hz),183.4839746930576,252.5005164048546,69.016541711797
AD,5,Beta (13–30 Hz),13.523297445985586,15.118535769947673,1.5952383239620875
AD,5,Gamma (30–40 Hz),1.2282112303838946,1.2178415359346138,-0.01036969444928082
AD,6,Delta (1–4 Hz),224758250.9309971,616716.7515018736,-224141534.17949522
AD,6,Theta (4–8 Hz),45323567.78893582,48779.61456817771,-45274788.17436764
AD,6,Alpha (8–13 Hz),7825403.898654828,6448.181688761501,-7818955.7169660665
AD,6,Beta (13–30 Hz),650162.0751797694,609.0076750976278,-649553.0675046718
AD,6,Gamma (30–40 Hz),44461.76559671734,26.614452405842545,-44435.1511443115
AD,7,Delta (1–4 Hz),578.77044566525,927.7454913532837,348.9750456880337
AD,7,Theta (4–8 Hz),190.39202672394538,411.10431534025753,220.71228861631215
AD,7,Alpha (8–13 Hz),80.66549782123401,148.13340543063302,67.467907609399
AD,7,Beta (13–30 Hz),39.42892567595646,46.348083657713616,6.919157981757159
AD,7,Gamma (30–40 Hz),7.244665819568688,7.601601650749631,0.35693583118094274
AD,8,Delta (1–4 Hz),20.873693077692618,8.763156882379718,-12.1105361953129
AD,8,Theta (4–8 Hz),9.92771684441024,3.929787613093328,-5.9979292313169115
AD,8,Alpha (8–13 Hz),2.308431939572335,0.7060392384741188,-1.6023927010982164
AD,8,Beta (13–30 Hz),0.34369030795280325,0.23042458638016305,-0.1132657215726402
AD,8,Gamma (30–40 Hz),0.06805760245044454,0.047014238061102095,-0.021043364389342442
AD,9,Delta (1–4 Hz),154205.754224912,360051.24844629987,205845.49422138787
AD,9,Theta (4–8 Hz),13048.411141438764,26401.47683563174,13353.065694192976
AD,9,Alpha (8–13 Hz),1285.415621692757,979.5271925993493,-305.8884290934077
AD,9,Beta (13–30 Hz),98.44719802092287,96.21892974777245,-2.2282682731504195
AD,9,Gamma (30–40 Hz),9.69443970551684,2.413854087529006,-7.2805856179878345
AD,10,Delta (1–4 Hz),13871.889460416709,1355.2524685607746,-12516.636991855934
AD,10,Theta (4–8 Hz),2798.36947105052,442.4109872070591,-2355.958483843461
AD,10,Alpha (8–13 Hz),592.0158187511149,66.71098548172651,-525.3048332693884
AD,10,Beta (13–30 Hz),97.56601251941757,6.435401755808835,-91.13061076360873
AD,10,Gamma (30–40 Hz),12.17390239548618,0.4510811688038368,-11.722821226682344
AD,11,Delta (1–4 Hz),192060188.45393625,8597.840465201285,-192051590.61347106
AD,11,Theta (4–8 Hz),11655826.250094086,561.0042497875464,-11655265.245844299
AD,11,Alpha (8–13 Hz),4775737.661082415,90.48545644189102,-4775647.175625973
AD,11,Beta (13–30 Hz),1038532.7562526433,4.378860605001813,-1038528.3773920384
AD,11,Gamma (30–40 Hz),110859.13731949124,0.27253857931927217,-110858.86478091193
AD,12,Delta (1–4 Hz),0.11562391370534897,0.11129053682088852,-0.004333376884460449
AD,12,Theta (4–8 Hz),0.0828329548239708,0.08507006615400314,0.0022371113300323486
AD,12,Alpha (8–13 Hz),0.05690918117761612,0.0620989128947258,0.00518973171710968
AD,12,Beta (13–30 Hz),0.05673724785447121,0.05694950371980667,0.00021225586533546448
AD,12,Gamma (30–40 Hz),0.05006325617432594,0.046773459762334824,-0.0032897964119911194
AD,13,Delta (1–4 Hz),7.806179046630859,0.12439991533756256,-7.681778907775879
AD,13,Theta (4–8 Hz),4.450209617614746,0.06054499372839928,-4.389664649963379
AD,13,Alpha (8–13 Hz),3.6477088928222656,0.042801856994628906,-3.6049070358276367
AD,13,Beta (13–30 Hz),2.534891366958618,0.027725184336304665,-2.5071661472320557
AD,13,Gamma (30–40 Hz),1.7683526277542114,0.014139040373265743,-1.754213571548462
